RT @nsukuvalentia: There's a malaria outbreak in Mopani and Vhembe but clinics don't have malaria testing kits. @MYANC you are a disgrace!,Port Elizabeth
RT @nsukuvalentia: There's a malaria outbreak in Mopani and Vhembe but clinics don't have malaria testing kits. @MYANC you are a disgrace!,Port Elizabeth
RT @nsukuvalentia: There's a malaria outbreak in Mopani and Vhembe but clinics don't have malaria testing kits. @MYANC you are a disgrace!,Port Elizabeth
RT @nsukuvalentia: There's a malaria outbreak in Mopani and Vhembe but clinics don't have malaria testing kits. @MYANC you are a disgrace!,Port Elizabeth
RT @nsukuvalentia: There's a malaria outbreak in Mopani and Vhembe but clinics don't have malaria testing kits. @MYANC you are a disgrace!,Port Elizabeth
RT @nsukuvalentia: There's a malaria outbreak in Mopani and Vhembe but clinics don't have malaria testing kits. @MYANC you are a disgrace!,Port Elizabeth
RT @nsukuvalentia: There's a malaria outbreak in Mopani and Vhembe but clinics don't have malaria testing kits. @MYANC you are a disgrace!,Port Elizabeth
RT @nsukuvalentia: There's a malaria outbreak in Mopani and Vhembe but clinics don't have malaria testing kits. @MYANC you are a disgrace!,Port Elizabeth
RT @nsukuvalentia: There's a malaria outbreak in Mopani and Vhembe but clinics don't have malaria testing kits. @MYANC you are a disgrace!,Port Elizabeth
RT @nsukuvalentia: There's a malaria outbreak in Mopani and Vhembe but clinics don't have malaria testing kits. @MYANC you are a disgrace!,Port Elizabeth
RT @nsukuvalentia: There's a malaria outbreak in Mopani and Vhembe but clinics don't have malaria testing kits. @MYANC you are a disgrace!,Port Elizabeth
RT @263Chat: Malaria outbreak hits Binga https://t.co/ZRZIbGhEoU #ChronicleZW #263Chat,New York
Kruger National Park advises visitors on malaria - Outbreak News Today #southafricannationalparks #SouthAfrica https://t.co/vxtdJmRrjO,South Africa
Kruger National Park advises visitors on malaria - Outbreak News Today #southafricannationalparks #SouthAfrica https://t.co/RV47cAwHGF,Port Elizabeth
RT @nsukuvalentia: There's a malaria outbreak in Mopani and Vhembe but clinics don't have malaria testing kits. @MYANC you are a disgrace!,Port Elizabeth
RT @nsukuvalentia: There's a malaria outbreak in Mopani and Vhembe but clinics don't have malaria testing kits. @MYANC you are a disgrace!,"Johannesburg, South Africa"
@Doc_Phuti Oh they've denied the outbreak of Malaria.,Port Elizabeth
RT @nsukuvalentia: There's a malaria outbreak in Mopani and Vhembe but clinics don't have malaria testing kits. @MYANC you are a disgrace!,Port Elizabeth
RT @nsukuvalentia: There's a malaria outbreak in Mopani and Vhembe but clinics don't have malaria testing kits. @MYANC you are a disgrace!,"Limpopo/Pretoria ,South Africa"
RT @Nthabi_Vee: There's a malaria outbreak in Limpopo ðŸ˜¢ðŸ˜¢ðŸ˜¢ my cousin has been admitted. RT for awareness!!!,South Africa
Limpopo experiences worst Malaria outbreak https://t.co/aZYlvcJfS3 https://t.co/Mf5gqgz3QG,"Johannesburg, South Africa"
RT @SABCNewsOnline: Limpopo experiences worst Malaria outbreak https://t.co/aZYlvcJfS3 https://t.co/Mf5gqgz3QG,"Johannesburg, South Africa"
RT @SABCNewsOnline: Limpopo experiences worst Malaria outbreak https://t.co/aZYlvcJfS3 https://t.co/Mf5gqgz3QG,"Johannesburg, South Africa"
RT @SABCNewsOnline: Limpopo experiences worst Malaria outbreak https://t.co/aZYlvcJfS3 https://t.co/Mf5gqgz3QG,"Johannesburg, South Africa"
RT @SABCNewsOnline: Limpopo experiences worst Malaria outbreak https://t.co/aZYlvcJfS3 https://t.co/Mf5gqgz3QG,"Johannesburg, South Africa"
RT @SABCNewsOnline: Limpopo experiences worst Malaria outbreak https://t.co/aZYlvcJfS3 https://t.co/Mf5gqgz3QG,"Johannesburg, South Africa"
RT @SABCNewsOnline: Limpopo experiences worst Malaria outbreak https://t.co/aZYlvcJfS3 https://t.co/Mf5gqgz3QG,"Johannesburg, South Africa"
RT @SABCNewsOnline: Limpopo experiences worst Malaria outbreak https://t.co/aZYlvcJfS3 https://t.co/Mf5gqgz3QG,"Johannesburg, South Africa"
RT @SABCNewsOnline: Limpopo experiences worst Malaria outbreak https://t.co/aZYlvcJfS3 https://t.co/Mf5gqgz3QG,"Johannesburg, South Africa"
RT @SABCNewsOnline: Limpopo experiences worst Malaria outbreak https://t.co/aZYlvcJfS3 https://t.co/Mf5gqgz3QG,"Johannesburg, South Africa"
RT @SABCNewsOnline: Limpopo experiences worst Malaria outbreak https://t.co/aZYlvcJfS3 https://t.co/Mf5gqgz3QG,"Johannesburg, South Africa"
RT @SABCNewsOnline: Limpopo experiences worst Malaria outbreak https://t.co/aZYlvcJfS3 https://t.co/Mf5gqgz3QG,"Johannesburg, South Africa"
RT @SABCNewsOnline: Limpopo experiences worst Malaria outbreak https://t.co/aZYlvcJfS3 https://t.co/Mf5gqgz3QG,"Johannesburg, South Africa"
RT @SABCNewsOnline: Limpopo experiences worst Malaria outbreak https://t.co/aZYlvcJfS3 https://t.co/Mf5gqgz3QG,"Johannesburg, South Africa"
RT @SABCNewsOnline: Limpopo experiences worst Malaria outbreak https://t.co/aZYlvcJfS3 https://t.co/Mf5gqgz3QG,"Johannesburg, South Africa"
RT @SABCNewsOnline: Limpopo experiences worst Malaria outbreak https://t.co/aZYlvcJfS3 https://t.co/Mf5gqgz3QG,"Johannesburg, South Africa"
RT @SABCNewsOnline: Limpopo experiences worst Malaria outbreak https://t.co/aZYlvcJfS3 https://t.co/Mf5gqgz3QG,"Johannesburg, South Africa"
RT @SABCNewsOnline: Limpopo experiences worst Malaria outbreak https://t.co/aZYlvcJfS3 https://t.co/Mf5gqgz3QG,"Johannesburg, South Africa"
RT @SABCNewsOnline: Limpopo experiences worst Malaria outbreak https://t.co/aZYlvcJfS3 https://t.co/Mf5gqgz3QG,"Johannesburg, South Africa"
RT @SABCNewsOnline: Limpopo experiences worst Malaria outbreak https://t.co/aZYlvcJfS3 https://t.co/Mf5gqgz3QG,"Johannesburg, South Africa"
RT @SABCNewsOnline: Limpopo experiences worst Malaria outbreak https://t.co/aZYlvcJfS3 https://t.co/Mf5gqgz3QG,"Johannesburg, South Africa"
RT @SABCNewsOnline: Limpopo experiences worst Malaria outbreak https://t.co/aZYlvcJfS3 https://t.co/Mf5gqgz3QG,"Limpopo/Pretoria ,South Africa"
RT @Nthabi_Vee: There's a malaria outbreak in Limpopo ðŸ˜¢ðŸ˜¢ðŸ˜¢ my cousin has been admitted. RT for awareness!!!,"Johannesburg, South Africa"
RT @SABCNewsOnline: Limpopo experiences worst Malaria outbreak https://t.co/aZYlvcJfS3 https://t.co/Mf5gqgz3QG,"Johannesburg, South Africa"
RT @SABCNewsOnline: Limpopo experiences worst Malaria outbreak https://t.co/aZYlvcJfS3 https://t.co/Mf5gqgz3QG,"Polokwane, South Africa"
Kruger Park warns of malaria outbreak due to heavy rain https://t.co/7iMZJk64pE https://t.co/3zVylohdIN,Glorious Bonnie Scotland
Kruger Park warns of malaria outbreak due to heavy rain,"Oakbrook Terrace, IL"
Prayers for Limpopo on the malaria outbreak,"Riyadh, Kingdom of Saudi Arabia"
"SOUTH AFRICA: Kruger Park warns of malaria outbreak due to heavy rain
https://t.co/iEmyXv4aTo","Johannesburg, South Africa"
South Africa: Kruger Park warns of #malaria outbreak due to heavy rain. https://t.co/xqPyPhdNNh via @BDliveSA,"White River, Mpumalanga"
RT @ASTMH: South Africa: Kruger Park warns of #malaria outbreak due to heavy rain. https://t.co/xqPyPhdNNh via @BDliveSA,South Africa
RT @SABCNewsOnline: Limpopo experiences worst Malaria outbreak https://t.co/aZYlvcJfS3 https://t.co/Mf5gqgz3QG,"Jane Furse,South Africa"
Algoa FM | Kruger National Park warns visitors about malaria outbreak https://t.co/IIuecpqoWO,"Jane Furse,South Africa"
Limpopo experiences worst Malaria outbreak https://t.co/xnLt4LzkDB,"Jane Furse,South Africa"
RT @SABCNewsOnline: Limpopo experiences worst Malaria outbreak https://t.co/xnLt4LzkDB,"Jane Furse,South Africa"
RT @SABCNewsOnline: Limpopo experiences worst Malaria outbreak https://t.co/xnLt4LzkDB,"Jane Furse,South Africa"
Outbreak liya yi nga kona le Giyani ya Malaria I timhaka ta lava va ka Khato.,"Spokane, WA"
RT @SABCNewsOnline: Limpopo experiences worst Malaria outbreak https://t.co/xnLt4LzkDB,Pasadena CA
RT @SABCNewsOnline: Limpopo experiences worst Malaria outbreak https://t.co/xnLt4LzkDB,"Spokane, WA"
RT @SABCNewsOnline: Limpopo experiences worst Malaria outbreak https://t.co/xnLt4LzkDB,Johannesburg
RT @neil_bodie: Impact and Lessons Learned from Mass Drug Administrations of Malaria Chemoprevention during Ebola Outbreak https://t.co/a0Oâ€¦,"Limpopo/Pretoria ,South Africa"
Impact and Lessons Learned from Mass Drug Administrations of Malaria Chemoprevention during Ebola Outbreak https://t.co/a0OF529oXr @PLOSONE,"Limpopo/Pretoria ,South Africa"
RT @neil_bodie: Impact and Lessons Learned from Mass Drug Administrations of Malaria Chemoprevention during Ebola Outbreak https://t.co/a0Oâ€¦,South Africa
There's a malaria outbreak in Limpopo ðŸ˜¢ðŸ˜¢ðŸ˜¢ my cousin has been admitted. RT for awareness!!!,"Johannesburg, South Africa"
RT @Nthabi_Vee: There's a malaria outbreak in Limpopo ðŸ˜¢ðŸ˜¢ðŸ˜¢ my cousin has been admitted. RT for awareness!!!,"Johannesburg, South Africa"
RT @Nthabi_Vee: There's a malaria outbreak in Limpopo ðŸ˜¢ðŸ˜¢ðŸ˜¢ my cousin has been admitted. RT for awareness!!!,"Johannesburg, South Africa"
Limpopo experiences worst Malaria outbreak https://t.co/aZYlvcJfS3 https://t.co/Mf5gqgz3QG,"Johannesburg, South Africa"
RT @SABCNewsOnline: Limpopo experiences worst Malaria outbreak https://t.co/aZYlvcJfS3 https://t.co/Mf5gqgz3QG,"Johannesburg, South Africa"
RT @SABCNewsOnline: Limpopo experiences worst Malaria outbreak https://t.co/aZYlvcJfS3 https://t.co/Mf5gqgz3QG,"Johannesburg, South Africa"
RT @SABCNewsOnline: Limpopo experiences worst Malaria outbreak https://t.co/aZYlvcJfS3 https://t.co/Mf5gqgz3QG,"Johannesburg, South Africa"
RT @SABCNewsOnline: Limpopo experiences worst Malaria outbreak https://t.co/aZYlvcJfS3 https://t.co/Mf5gqgz3QG,"Johannesburg, South Africa"
RT @SABCNewsOnline: Limpopo experiences worst Malaria outbreak https://t.co/aZYlvcJfS3 https://t.co/Mf5gqgz3QG,"Johannesburg, South Africa"
RT @SABCNewsOnline: Limpopo experiences worst Malaria outbreak https://t.co/aZYlvcJfS3 https://t.co/Mf5gqgz3QG,"Johannesburg, South Africa"
RT @SABCNewsOnline: Limpopo experiences worst Malaria outbreak https://t.co/aZYlvcJfS3 https://t.co/Mf5gqgz3QG,"Johannesburg, South Africa"
RT @SABCNewsOnline: Limpopo experiences worst Malaria outbreak https://t.co/aZYlvcJfS3 https://t.co/Mf5gqgz3QG,"Johannesburg, South Africa"
RT @SABCNewsOnline: Limpopo experiences worst Malaria outbreak https://t.co/aZYlvcJfS3 https://t.co/Mf5gqgz3QG,"Johannesburg, South Africa"
RT @SABCNewsOnline: Limpopo experiences worst Malaria outbreak https://t.co/aZYlvcJfS3 https://t.co/Mf5gqgz3QG,"Johannesburg, South Africa"
RT @SABCNewsOnline: Limpopo experiences worst Malaria outbreak https://t.co/aZYlvcJfS3 https://t.co/Mf5gqgz3QG,"Johannesburg, South Africa"
RT @SABCNewsOnline: Limpopo experiences worst Malaria outbreak https://t.co/aZYlvcJfS3 https://t.co/Mf5gqgz3QG,"Johannesburg, South Africa"
RT @SABCNewsOnline: Limpopo experiences worst Malaria outbreak https://t.co/aZYlvcJfS3 https://t.co/Mf5gqgz3QG,"Johannesburg, South Africa"
RT @SABCNewsOnline: Limpopo experiences worst Malaria outbreak https://t.co/aZYlvcJfS3 https://t.co/Mf5gqgz3QG,"Johannesburg, South Africa"
RT @SABCNewsOnline: Limpopo experiences worst Malaria outbreak https://t.co/aZYlvcJfS3 https://t.co/Mf5gqgz3QG,"Johannesburg, South Africa"
RT @SABCNewsOnline: Limpopo experiences worst Malaria outbreak https://t.co/aZYlvcJfS3 https://t.co/Mf5gqgz3QG,"Johannesburg, South Africa"
RT @SABCNewsOnline: Limpopo experiences worst Malaria outbreak https://t.co/aZYlvcJfS3 https://t.co/Mf5gqgz3QG,"Johannesburg, South Africa"
RT @SABCNewsOnline: Limpopo experiences worst Malaria outbreak https://t.co/aZYlvcJfS3 https://t.co/Mf5gqgz3QG,"Limpopo/Pretoria ,South Africa"
RT @SABCNewsOnline: Limpopo experiences worst Malaria outbreak https://t.co/aZYlvcJfS3 https://t.co/Mf5gqgz3QG,"Johannesburg, South Africa"
RT @SABCNewsOnline: Limpopo experiences worst Malaria outbreak https://t.co/aZYlvcJfS3 https://t.co/Mf5gqgz3QG,"Johannesburg, South Africa"
RT @SABCNewsOnline: Limpopo experiences worst Malaria outbreak https://t.co/aZYlvcJfS3 https://t.co/Mf5gqgz3QG,"Johannesburg, South Africa"
RT @Nthabi_Vee: There's a malaria outbreak in Limpopo ðŸ˜¢ðŸ˜¢ðŸ˜¢ my cousin has been admitted. RT for awareness!!!,Johannesburg
RT @SABCNewsOnline: Limpopo experiences worst Malaria outbreak https://t.co/aZYlvcJfS3 https://t.co/Mf5gqgz3QG,"White River, Mpumalanga"
